x,y,y'
-1.000000,-2.000000,11.988004
-0.999000,-1.988012,11.964028
-0.998000,-1.976048,11.940076
-0.997000,-1.964108,11.916148
-0.996000,-1.952192,11.892244
-0.995000,-1.940300,11.868364
-0.994000,-1.928431,11.844508
-0.993000,-1.916587,11.820676
-0.992000,-1.904766,11.796868
-0.991000,-1.892969,11.773084
-0.990000,-1.881196,11.749324
-0.989000,-1.869447,11.725588
-0.988000,-1.857721,11.701876
-0.987000,-1.846019,11.678188
-0.986000,-1.834341,11.654524
-0.985000,-1.822686,11.630884
-0.984000,-1.811056,11.607268
-0.983000,-1.799448,11.583676
-0.982000,-1.787865,11.560108
-0.981000,-1.776305,11.536564
-0.980000,-1.764768,11.513044
-0.979000,-1.753255,11.489548
-0.978000,-1.741765,11.466076
-0.977000,-1.730299,11.442628
-0.976000,-1.718857,11.419204
-0.975000,-1.707437,11.395804
-0.974000,-1.696042,11.372428
-0.973000,-1.684669,11.349076
-0.972000,-1.673320,11.325748
-0.971000,-1.661994,11.302444
-0.970000,-1.650692,11.279164
-0.969000,-1.639413,11.255908
-0.968000,-1.628157,11.232676
-0.967000,-1.616924,11.209468
-0.966000,-1.605715,11.186284
-0.965000,-1.594528,11.163124
-0.964000,-1.583365,11.139988
-0.963000,-1.572225,11.116876
-0.962000,-1.561109,11.093788
-0.961000,-1.550015,11.070724
-0.960000,-1.538944,11.047684
-0.959000,-1.527896,11.024668
-0.958000,-1.516872,11.001676
-0.957000,-1.505870,10.978708
-0.956000,-1.494891,10.955764
-0.955000,-1.483936,10.932844
-0.954000,-1.473003,10.909948
-0.953000,-1.462093,10.887076
-0.952000,-1.451206,10.864228
-0.951000,-1.440341,10.841404
-0.950000,-1.429500,10.818604
-0.949000,-1.418681,10.795828
-0.948000,-1.407886,10.773076
-0.947000,-1.397112,10.750348
-0.946000,-1.386362,10.727644
-0.945000,-1.375635,10.704964
-0.944000,-1.364930,10.682308
-0.943000,-1.354247,10.659676
-0.942000,-1.343588,10.637068
-0.941000,-1.332950,10.614484
-0.940000,-1.322336,10.591924
-0.939000,-1.311744,10.569388
-0.938000,-1.301175,10.546876
-0.937000,-1.290628,10.524388
-0.936000,-1.280103,10.501924
-0.935000,-1.269602,10.479484
-0.934000,-1.259122,10.457068
-0.933000,-1.248665,10.434676
-0.932000,-1.238230,10.412308
-0.931000,-1.227818,10.389964
-0.930000,-1.217428,10.367644
-0.929000,-1.207060,10.345348
-0.928000,-1.196715,10.323076
-0.927000,-1.186392,10.300828
-0.926000,-1.176091,10.278604
-0.925000,-1.165813,10.256404
-0.924000,-1.155556,10.234228
-0.923000,-1.145322,10.212076
-0.922000,-1.135110,10.189948
-0.921000,-1.124920,10.167844
-0.920000,-1.114752,10.145764
-0.919000,-1.104606,10.123708
-0.918000,-1.094483,10.101676
-0.917000,-1.084381,10.079668
-0.916000,-1.074301,10.057684
-0.915000,-1.064244,10.035724
-0.914000,-1.054208,10.013788
-0.913000,-1.044194,9.991876
-0.912000,-1.034202,9.969988
-0.911000,-1.024232,9.948124
-0.910000,-1.014284,9.926284
-0.909000,-1.004358,9.904468
-0.908000,-0.994453,9.882676
-0.907000,-0.984571,9.860908
-0.906000,-0.974710,9.839164
-0.905000,-0.964871,9.817444
-0.904000,-0.955053,9.795748
-0.903000,-0.945257,9.774076
-0.902000,-0.935483,9.752428
-0.901000,-0.925731,9.730804
-0.900000,-0.916000,9.709204
-0.899000,-0.906291,9.687628
-0.898000,-0.896603,9.666076
-0.897000,-0.886937,9.644548
-0.896000,-0.877293,9.623044
-0.895000,-0.867670,9.601564
-0.894000,-0.858068,9.580108
-0.893000,-0.848488,9.558676
-0.892000,-0.838929,9.537268
-0.891000,-0.829392,9.515884
-0.890000,-0.819876,9.494524
-0.889000,-0.810381,9.473188
-0.888000,-0.800908,9.451876
-0.887000,-0.791456,9.430588
-0.886000,-0.782026,9.409324
-0.885000,-0.772617,9.388084
-0.884000,-0.763228,9.366868
-0.883000,-0.753862,9.345676
-0.882000,-0.744516,9.324508
-0.881000,-0.735191,9.303364
-0.880000,-0.725888,9.282244
-0.879000,-0.716606,9.261148
-0.878000,-0.707345,9.240076
-0.877000,-0.698105,9.219028
-0.876000,-0.688886,9.198004
-0.875000,-0.679688,9.177004
-0.874000,-0.670510,9.156028
-0.873000,-0.661354,9.135076
-0.872000,-0.652219,9.114148
-0.871000,-0.643105,9.093244
-0.870000,-0.634012,9.072364
-0.869000,-0.624940,9.051508
-0.868000,-0.615888,9.030676
-0.867000,-0.606857,9.009868
-0.866000,-0.597848,8.989084
-0.865000,-0.588858,8.968324
-0.864000,-0.579890,8.947588
-0.863000,-0.570943,8.926876
-0.862000,-0.562016,8.906188
-0.861000,-0.553110,8.885524
-0.860000,-0.544224,8.864884
-0.859000,-0.535359,8.844268
-0.858000,-0.526515,8.823676
-0.857000,-0.517691,8.803108
-0.856000,-0.508888,8.782564
-0.855000,-0.500105,8.762044
-0.854000,-0.491343,8.741548
-0.853000,-0.482602,8.721076
-0.852000,-0.473881,8.700628
-0.851000,-0.465180,8.680204
-0.850000,-0.456500,8.659804
-0.849000,-0.447840,8.639428
-0.848000,-0.439201,8.619076
-0.847000,-0.430582,8.598748
-0.846000,-0.421983,8.578444
-0.845000,-0.413404,8.558164
-0.844000,-0.404846,8.537908
-0.843000,-0.396308,8.517676
-0.842000,-0.387791,8.497468
-0.841000,-0.379293,8.477284
-0.840000,-0.370816,8.457124
-0.839000,-0.362359,8.436988
-0.838000,-0.353922,8.416876
-0.837000,-0.345505,8.396788
-0.836000,-0.337108,8.376724
-0.835000,-0.328731,8.356684
-0.834000,-0.320375,8.336668
-0.833000,-0.312038,8.316676
-0.832000,-0.303721,8.296708
-0.831000,-0.295425,8.276764
-0.830000,-0.287148,8.256844
-0.829000,-0.278891,8.236948
-0.828000,-0.270654,8.217076
-0.827000,-0.262437,8.197228
-0.826000,-0.254240,8.177404
-0.825000,-0.246063,8.157604
-0.824000,-0.237905,8.137828
-0.823000,-0.229767,8.118076
-0.822000,-0.221649,8.098348
-0.821000,-0.213551,8.078644
-0.820000,-0.205472,8.058964
-0.819000,-0.197413,8.039308
-0.818000,-0.189374,8.019676
-0.817000,-0.181354,8.000068
-0.816000,-0.173354,7.980484
-0.815000,-0.165374,7.960924
-0.814000,-0.157413,7.941388
-0.813000,-0.149471,7.921876
-0.812000,-0.141549,7.902388
-0.811000,-0.133647,7.882924
-0.810000,-0.125764,7.863484
-0.809000,-0.117901,7.844068
-0.808000,-0.110056,7.824676
-0.807000,-0.102232,7.805308
-0.806000,-0.094426,7.785964
-0.805000,-0.086641,7.766644
-0.804000,-0.078874,7.747348
-0.803000,-0.071127,7.728076
-0.802000,-0.063398,7.708828
-0.801000,-0.055690,7.689604
-0.800000,-0.048000,7.670404
-0.799000,-0.040330,7.651228
-0.798000,-0.032678,7.632076
-0.797000,-0.025046,7.612948
-0.796000,-0.017433,7.593844
-0.795000,-0.009840,7.574764
-0.794000,-0.002265,7.555708
-0.793000,0.005291,7.536676
-0.792000,0.012828,7.517668
-0.791000,0.020345,7.498684
-0.790000,0.027844,7.479724
-0.789000,0.035324,7.460788
-0.788000,0.042785,7.441876
-0.787000,0.050226,7.422988
-0.786000,0.057649,7.404124
-0.785000,0.065053,7.385284
-0.784000,0.072439,7.366468
-0.783000,0.079805,7.347676
-0.782000,0.087153,7.328908
-0.781000,0.094482,7.310164
-0.780000,0.101792,7.291444
-0.779000,0.109083,7.272748
-0.778000,0.116356,7.254076
-0.777000,0.123610,7.235428
-0.776000,0.130846,7.216804
-0.775000,0.138062,7.198204
-0.774000,0.145261,7.179628
-0.773000,0.152440,7.161076
-0.772000,0.159601,7.142548
-0.771000,0.166744,7.124044
-0.770000,0.173868,7.105564
-0.769000,0.180974,7.087108
-0.768000,0.188061,7.068676
-0.767000,0.195129,7.050268
-0.766000,0.202180,7.031884
-0.765000,0.209211,7.013524
-0.764000,0.216225,6.995188
-0.763000,0.223220,6.976876
-0.762000,0.230197,6.958588
-0.761000,0.237156,6.940324
-0.760000,0.244096,6.922084
-0.759000,0.251018,6.903868
-0.758000,0.257922,6.885676
-0.757000,0.264808,6.867508
-0.756000,0.271675,6.849364
-0.755000,0.278525,6.831244
-0.754000,0.285356,6.813148
-0.753000,0.292169,6.795076
-0.752000,0.298964,6.777028
-0.751000,0.305741,6.759004
-0.750000,0.312500,6.741004
-0.749000,0.319241,6.723028
-0.748000,0.325964,6.705076
-0.747000,0.332669,6.687148
-0.746000,0.339356,6.669244
-0.745000,0.346026,6.651364
-0.744000,0.352677,6.633508
-0.743000,0.359310,6.615676
-0.742000,0.365926,6.597868
-0.741000,0.372524,6.580084
-0.740000,0.379104,6.562324
-0.739000,0.385666,6.544588
-0.738000,0.392211,6.526876
-0.737000,0.398738,6.509188
-0.736000,0.405247,6.491524
-0.735000,0.411739,6.473884
-0.734000,0.418212,6.456268
-0.733000,0.424669,6.438676
-0.732000,0.431107,6.421108
-0.731000,0.437528,6.403564
-0.730000,0.443932,6.386044
-0.729000,0.450318,6.368548
-0.728000,0.456687,6.351076
-0.727000,0.463038,6.333628
-0.726000,0.469371,6.316204
-0.725000,0.475688,6.298804
-0.724000,0.481986,6.281428
-0.723000,0.488268,6.264076
-0.722000,0.494532,6.246748
-0.721000,0.500779,6.229444
-0.720000,0.507008,6.212164
-0.719000,0.513220,6.194908
-0.718000,0.519415,6.177676
-0.717000,0.525593,6.160468
-0.716000,0.531753,6.143284
-0.715000,0.537897,6.126124
-0.714000,0.544023,6.108988
-0.713000,0.550132,6.091876
-0.712000,0.556223,6.074788
-0.711000,0.562298,6.057724
-0.710000,0.568356,6.040684
-0.709000,0.574397,6.023668
-0.708000,0.580420,6.006676
-0.707000,0.586427,5.989708
-0.706000,0.592417,5.972764
-0.705000,0.598390,5.955844
-0.704000,0.604345,5.938948
-0.703000,0.610284,5.922076
-0.702000,0.616206,5.905228
-0.701000,0.622112,5.888404
-0.700000,0.628000,5.871604
-0.699000,0.633872,5.854828
-0.698000,0.639726,5.838076
-0.697000,0.645565,5.821348
-0.696000,0.651386,5.804644
-0.695000,0.657190,5.787964
-0.694000,0.662978,5.771308
-0.693000,0.668750,5.754676
-0.692000,0.674504,5.738068
-0.691000,0.680243,5.721484
-0.690000,0.685964,5.704924
-0.689000,0.691669,5.688388
-0.688000,0.697357,5.671876
-0.687000,0.703029,5.655388
-0.686000,0.708685,5.638924
-0.685000,0.714323,5.622484
-0.684000,0.719946,5.606068
-0.683000,0.725552,5.589676
-0.682000,0.731142,5.573308
-0.681000,0.736715,5.556964
-0.680000,0.742272,5.540644
-0.679000,0.747813,5.524348
-0.678000,0.753337,5.508076
-0.677000,0.758845,5.491828
-0.676000,0.764337,5.475604
-0.675000,0.769812,5.459404
-0.674000,0.775272,5.443228
-0.673000,0.780715,5.427076
-0.672000,0.786142,5.410948
-0.671000,0.791553,5.394844
-0.670000,0.796948,5.378764
-0.669000,0.802327,5.362708
-0.668000,0.807689,5.346676
-0.667000,0.813036,5.330668
-0.666000,0.818367,5.314684
-0.665000,0.823681,5.298724
-0.664000,0.828980,5.282788
-0.663000,0.834263,5.266876
-0.662000,0.839530,5.250988
-0.661000,0.844781,5.235124
-0.660000,0.850016,5.219284
-0.659000,0.855235,5.203468
-0.658000,0.860439,5.187676
-0.657000,0.865626,5.171908
-0.656000,0.870798,5.156164
-0.655000,0.875954,5.140444
-0.654000,0.881095,5.124748
-0.653000,0.886220,5.109076
-0.652000,0.891329,5.093428
-0.651000,0.896422,5.077804
-0.650000,0.901500,5.062204
-0.649000,0.906562,5.046628
-0.648000,0.911609,5.031076
-0.647000,0.916640,5.015548
-0.646000,0.921655,5.000044
-0.645000,0.926655,4.984564
-0.644000,0.931640,4.969108
-0.643000,0.936609,4.953676
-0.642000,0.941563,4.938268
-0.641000,0.946501,4.922884
-0.640000,0.951424,4.907524
-0.639000,0.956332,4.892188
-0.638000,0.961224,4.876876
-0.637000,0.966101,4.861588
-0.636000,0.970962,4.846324
-0.635000,0.975808,4.831084
-0.634000,0.980640,4.815868
-0.633000,0.985455,4.800676
-0.632000,0.990256,4.785508
-0.631000,0.995042,4.770364
-0.630000,0.999812,4.755244
-0.629000,1.004567,4.740148
-0.628000,1.009307,4.725076
-0.627000,1.014032,4.710028
-0.626000,1.018742,4.695004
-0.625000,1.023438,4.680004
-0.624000,1.028118,4.665028
-0.623000,1.032783,4.650076
-0.622000,1.037433,4.635148
-0.621000,1.042068,4.620244
-0.620000,1.046688,4.605364
-0.619000,1.051293,4.590508
-0.618000,1.055884,4.575676
-0.617000,1.060460,4.560868
-0.616000,1.065020,4.546084
-0.615000,1.069567,4.531324
-0.614000,1.074098,4.516588
-0.613000,1.078614,4.501876
-0.612000,1.083116,4.487188
-0.611000,1.087603,4.472524
-0.610000,1.092076,4.457884
-0.609000,1.096534,4.443268
-0.608000,1.100977,4.428676
-0.607000,1.105406,4.414108
-0.606000,1.109820,4.399564
-0.605000,1.114219,4.385044
-0.604000,1.118605,4.370548
-0.603000,1.122975,4.356076
-0.602000,1.127331,4.341628
-0.601000,1.131673,4.327204
-0.600000,1.136000,4.312804
-0.599000,1.140313,4.298428
-0.598000,1.144611,4.284076
-0.597000,1.148895,4.269748
-0.596000,1.153165,4.255444
-0.595000,1.157421,4.241164
-0.594000,1.161662,4.226908
-0.593000,1.165889,4.212676
-0.592000,1.170101,4.198468
-0.591000,1.174300,4.184284
-0.590000,1.178484,4.170124
-0.589000,1.182654,4.155988
-0.588000,1.186810,4.141876
-0.587000,1.190952,4.127788
-0.586000,1.195080,4.113724
-0.585000,1.199194,4.099684
-0.584000,1.203293,4.085668
-0.583000,1.207379,4.071676
-0.582000,1.211451,4.057708
-0.581000,1.215508,4.043764
-0.580000,1.219552,4.029844
-0.579000,1.223582,4.015948
-0.578000,1.227598,4.002076
-0.577000,1.231600,3.988228
-0.576000,1.235588,3.974404
-0.575000,1.239562,3.960604
-0.574000,1.243523,3.946828
-0.573000,1.247470,3.933076
-0.572000,1.251403,3.919348
-0.571000,1.255322,3.905644
-0.570000,1.259228,3.891964
-0.569000,1.263120,3.878308
-0.568000,1.266998,3.864676
-0.567000,1.270863,3.851068
-0.566000,1.274714,3.837484
-0.565000,1.278551,3.823924
-0.564000,1.282375,3.810388
-0.563000,1.286186,3.796876
-0.562000,1.289983,3.783388
-0.561000,1.293766,3.769924
-0.560000,1.297536,3.756484
-0.559000,1.301292,3.743068
-0.558000,1.305036,3.729676
-0.557000,1.308765,3.716308
-0.556000,1.312482,3.702964
-0.555000,1.316184,3.689644
-0.554000,1.319874,3.676348
-0.553000,1.323550,3.663076
-0.552000,1.327214,3.649828
-0.551000,1.330863,3.636604
-0.550000,1.334500,3.623404
-0.549000,1.338123,3.610228
-0.548000,1.341734,3.597076
-0.547000,1.345331,3.583948
-0.546000,1.348915,3.570844
-0.545000,1.352485,3.557764
-0.544000,1.356043,3.544708
-0.543000,1.359588,3.531676
-0.542000,1.363120,3.518668
-0.541000,1.366638,3.505684
-0.540000,1.370144,3.492724
-0.539000,1.373637,3.479788
-0.538000,1.377117,3.466876
-0.537000,1.380583,3.453988
-0.536000,1.384037,3.441124
-0.535000,1.387478,3.428284
-0.534000,1.390907,3.415468
-0.533000,1.394322,3.402676
-0.532000,1.397725,3.389908
-0.531000,1.401115,3.377164
-0.530000,1.404492,3.364444
-0.529000,1.407856,3.351748
-0.528000,1.411208,3.339076
-0.527000,1.414547,3.326428
-0.526000,1.417874,3.313804
-0.525000,1.421187,3.301204
-0.524000,1.424489,3.288628
-0.523000,1.427777,3.276076
-0.522000,1.431053,3.263548
-0.521000,1.434317,3.251044
-0.520000,1.437568,3.238564
-0.519000,1.440807,3.226108
-0.518000,1.444033,3.213676
-0.517000,1.447246,3.201268
-0.516000,1.450448,3.188884
-0.515000,1.453636,3.176524
-0.514000,1.456813,3.164188
-0.513000,1.459977,3.151876
-0.512000,1.463129,3.139588
-0.511000,1.466269,3.127324
-0.510000,1.469396,3.115084
-0.509000,1.472511,3.102868
-0.508000,1.475614,3.090676
-0.507000,1.478705,3.078508
-0.506000,1.481783,3.066364
-0.505000,1.484849,3.054244
-0.504000,1.487904,3.042148
-0.503000,1.490946,3.030076
-0.502000,1.493976,3.018028
-0.501000,1.496994,3.006004
-0.500000,1.500000,2.994004
-0.499000,1.502994,2.982028
-0.498000,1.505976,2.970076
-0.497000,1.508946,2.958148
-0.496000,1.511904,2.946244
-0.495000,1.514851,2.934364
-0.494000,1.517785,2.922508
-0.493000,1.520707,2.910676
-0.492000,1.523618,2.898868
-0.491000,1.526517,2.887084
-0.490000,1.529404,2.875324
-0.489000,1.532279,2.863588
-0.488000,1.535143,2.851876
-0.487000,1.537995,2.840188
-0.486000,1.540835,2.828524
-0.485000,1.543664,2.816884
-0.484000,1.546480,2.805268
-0.483000,1.549286,2.793676
-0.482000,1.552079,2.782108
-0.481000,1.554861,2.770564
-0.480000,1.557632,2.759044
-0.479000,1.560391,2.747548
-0.478000,1.563139,2.736076
-0.477000,1.565875,2.724628
-0.476000,1.568599,2.713204
-0.475000,1.571312,2.701804
-0.474000,1.574014,2.690428
-0.473000,1.576705,2.679076
-0.472000,1.579384,2.667748
-0.471000,1.582052,2.656444
-0.470000,1.584708,2.645164
-0.469000,1.587353,2.633908
-0.468000,1.589987,2.622676
-0.467000,1.592610,2.611468
-0.466000,1.595221,2.600284
-0.465000,1.597822,2.589124
-0.464000,1.600411,2.577988
-0.463000,1.602989,2.566876
-0.462000,1.605555,2.555788
-0.461000,1.608111,2.544724
-0.460000,1.610656,2.533684
-0.459000,1.613190,2.522668
-0.458000,1.615712,2.511676
-0.457000,1.618224,2.500708
-0.456000,1.620725,2.489764
-0.455000,1.623215,2.478844
-0.454000,1.625693,2.467948
-0.453000,1.628161,2.457076
-0.452000,1.630618,2.446228
-0.451000,1.633065,2.435404
-0.450000,1.635500,2.424604
-0.449000,1.637925,2.413828
-0.448000,1.640338,2.403076
-0.447000,1.642742,2.392348
-0.446000,1.645134,2.381644
-0.445000,1.647515,2.370964
-0.444000,1.649886,2.360308
-0.443000,1.652247,2.349676
-0.442000,1.654596,2.339068
-0.441000,1.656936,2.328484
-0.440000,1.659264,2.317924
-0.439000,1.661582,2.307388
-0.438000,1.663889,2.296876
-0.437000,1.666186,2.286388
-0.436000,1.668473,2.275924
-0.435000,1.670748,2.265484
-0.434000,1.673014,2.255068
-0.433000,1.675269,2.244676
-0.432000,1.677514,2.234308
-0.431000,1.679748,2.223964
-0.430000,1.681972,2.213644
-0.429000,1.684186,2.203348
-0.428000,1.686389,2.193076
-0.427000,1.688582,2.182828
-0.426000,1.690765,2.172604
-0.425000,1.692937,2.162404
-0.424000,1.695100,2.152228
-0.423000,1.697252,2.142076
-0.422000,1.699394,2.131948
-0.421000,1.701526,2.121844
-0.420000,1.703648,2.111764
-0.419000,1.705760,2.101708
-0.418000,1.707861,2.091676
-0.417000,1.709953,2.081668
-0.416000,1.712035,2.071684
-0.415000,1.714106,2.061724
-0.414000,1.716168,2.051788
-0.413000,1.718220,2.041876
-0.412000,1.720262,2.031988
-0.411000,1.722294,2.022124
-0.410000,1.724316,2.012284
-0.409000,1.726328,2.002468
-0.408000,1.728331,1.992676
-0.407000,1.730323,1.982908
-0.406000,1.732306,1.973164
-0.405000,1.734279,1.963444
-0.404000,1.736243,1.953748
-0.403000,1.738197,1.944076
-0.402000,1.740141,1.934428
-0.401000,1.742075,1.924804
-0.400000,1.744000,1.915204
-0.399000,1.745915,1.905628
-0.398000,1.747821,1.896076
-0.397000,1.749717,1.886548
-0.396000,1.751603,1.877044
-0.395000,1.753480,1.867564
-0.394000,1.755348,1.858108
-0.393000,1.757206,1.848676
-0.392000,1.759055,1.839268
-0.391000,1.760894,1.829884
-0.390000,1.762724,1.820524
-0.389000,1.764545,1.811188
-0.388000,1.766356,1.801876
-0.387000,1.768158,1.792588
-0.386000,1.769950,1.783324
-0.385000,1.771734,1.774084
-0.384000,1.773508,1.764868
-0.383000,1.775272,1.755676
-0.382000,1.777028,1.746508
-0.381000,1.778775,1.737364
-0.380000,1.780512,1.728244
-0.379000,1.782240,1.719148
-0.378000,1.783959,1.710076
-0.377000,1.785669,1.701028
-0.376000,1.787370,1.692004
-0.375000,1.789062,1.683004
-0.374000,1.790746,1.674028
-0.373000,1.792420,1.665076
-0.372000,1.794085,1.656148
-0.371000,1.795741,1.647244
-0.370000,1.797388,1.638364
-0.369000,1.799026,1.629508
-0.368000,1.800656,1.620676
-0.367000,1.802277,1.611868
-0.366000,1.803888,1.603084
-0.365000,1.805492,1.594324
-0.364000,1.807086,1.585588
-0.363000,1.808671,1.576876
-0.362000,1.810248,1.568188
-0.361000,1.811816,1.559524
-0.360000,1.813376,1.550884
-0.359000,1.814927,1.542268
-0.358000,1.816469,1.533676
-0.357000,1.818003,1.525108
-0.356000,1.819528,1.516564
-0.355000,1.821044,1.508044
-0.354000,1.822553,1.499548
-0.353000,1.824052,1.491076
-0.352000,1.825543,1.482628
-0.351000,1.827026,1.474204
-0.350000,1.828500,1.465804
-0.349000,1.829966,1.457428
-0.348000,1.831423,1.449076
-0.347000,1.832872,1.440748
-0.346000,1.834313,1.432444
-0.345000,1.835746,1.424164
-0.344000,1.837170,1.415908
-0.343000,1.838586,1.407676
-0.342000,1.839993,1.399468
-0.341000,1.841393,1.391284
-0.340000,1.842784,1.383124
-0.339000,1.844167,1.374988
-0.338000,1.845542,1.366876
-0.337000,1.846909,1.358788
-0.336000,1.848268,1.350724
-0.335000,1.849619,1.342684
-0.334000,1.850961,1.334668
-0.333000,1.852296,1.326676
-0.332000,1.853623,1.318708
-0.331000,1.854941,1.310764
-0.330000,1.856252,1.302844
-0.329000,1.857555,1.294948
-0.328000,1.858850,1.287076
-0.327000,1.860137,1.279228
-0.326000,1.861416,1.271404
-0.325000,1.862688,1.263604
-0.324000,1.863951,1.255828
-0.323000,1.865207,1.248076
-0.322000,1.866455,1.240348
-0.321000,1.867695,1.232644
-0.320000,1.868928,1.224964
-0.319000,1.870153,1.217308
-0.318000,1.871370,1.209676
-0.317000,1.872580,1.202068
-0.316000,1.873782,1.194484
-0.315000,1.874977,1.186924
-0.314000,1.876163,1.179388
-0.313000,1.877343,1.171876
-0.312000,1.878515,1.164388
-0.311000,1.879679,1.156924
-0.310000,1.880836,1.149484
-0.309000,1.881985,1.142068
-0.308000,1.883128,1.134676
-0.307000,1.884262,1.127308
-0.306000,1.885390,1.119964
-0.305000,1.886510,1.112644
-0.304000,1.887622,1.105348
-0.303000,1.888727,1.098076
-0.302000,1.889826,1.090828
-0.301000,1.890916,1.083604
-0.300000,1.892000,1.076404
-0.299000,1.893076,1.069228
-0.298000,1.894146,1.062076
-0.297000,1.895208,1.054948
-0.296000,1.896263,1.047844
-0.295000,1.897311,1.040764
-0.294000,1.898351,1.033708
-0.293000,1.899385,1.026676
-0.292000,1.900412,1.019668
-0.291000,1.901431,1.012684
-0.290000,1.902444,1.005724
-0.289000,1.903450,0.998788
-0.288000,1.904449,0.991876
-0.287000,1.905440,0.984988
-0.286000,1.906425,0.978124
-0.285000,1.907404,0.971284
-0.284000,1.908375,0.964468
-0.283000,1.909339,0.957676
-0.282000,1.910297,0.950908
-0.281000,1.911248,0.944164
-0.280000,1.912192,0.937444
-0.279000,1.913129,0.930748
-0.278000,1.914060,0.924076
-0.277000,1.914984,0.917428
-0.276000,1.915902,0.910804
-0.275000,1.916813,0.904204
-0.274000,1.917717,0.897628
-0.273000,1.918614,0.891076
-0.272000,1.919505,0.884548
-0.271000,1.920390,0.878044
-0.270000,1.921268,0.871564
-0.269000,1.922140,0.865108
-0.268000,1.923005,0.858676
-0.267000,1.923863,0.852268
-0.266000,1.924716,0.845884
-0.265000,1.925561,0.839524
-0.264000,1.926401,0.833188
-0.263000,1.927234,0.826876
-0.262000,1.928061,0.820588
-0.261000,1.928882,0.814324
-0.260000,1.929696,0.808084
-0.259000,1.930504,0.801868
-0.258000,1.931306,0.795676
-0.257000,1.932102,0.789508
-0.256000,1.932891,0.783364
-0.255000,1.933674,0.777244
-0.254000,1.934452,0.771148
-0.253000,1.935223,0.765076
-0.252000,1.935988,0.759028
-0.251000,1.936747,0.753004
-0.250000,1.937500,0.747004
-0.249000,1.938247,0.741028
-0.248000,1.938988,0.735076
-0.247000,1.939723,0.729148
-0.246000,1.940452,0.723244
-0.245000,1.941175,0.717364
-0.244000,1.941893,0.711508
-0.243000,1.942604,0.705676
-0.242000,1.943310,0.699868
-0.241000,1.944010,0.694084
-0.240000,1.944704,0.688324
-0.239000,1.945392,0.682588
-0.238000,1.946075,0.676876
-0.237000,1.946752,0.671188
-0.236000,1.947423,0.665524
-0.235000,1.948088,0.659884
-0.234000,1.948748,0.654268
-0.233000,1.949403,0.648676
-0.232000,1.950051,0.643108
-0.231000,1.950694,0.637564
-0.230000,1.951332,0.632044
-0.229000,1.951964,0.626548
-0.228000,1.952591,0.621076
-0.227000,1.953212,0.615628
-0.226000,1.953827,0.610204
-0.225000,1.954438,0.604804
-0.224000,1.955042,0.599428
-0.223000,1.955642,0.594076
-0.222000,1.956236,0.588748
-0.221000,1.956825,0.583444
-0.220000,1.957408,0.578164
-0.219000,1.957986,0.572908
-0.218000,1.958559,0.567676
-0.217000,1.959127,0.562468
-0.216000,1.959689,0.557284
-0.215000,1.960247,0.552124
-0.214000,1.960799,0.546988
-0.213000,1.961346,0.541876
-0.212000,1.961887,0.536788
-0.211000,1.962424,0.531724
-0.210000,1.962956,0.526684
-0.209000,1.963483,0.521668
-0.208000,1.964004,0.516676
-0.207000,1.964521,0.511708
-0.206000,1.965033,0.506764
-0.205000,1.965539,0.501844
-0.204000,1.966041,0.496948
-0.203000,1.966538,0.492076
-0.202000,1.967030,0.487228
-0.201000,1.967518,0.482404
-0.200000,1.968000,0.477604
-0.199000,1.968478,0.472828
-0.198000,1.968950,0.468076
-0.197000,1.969419,0.463348
-0.196000,1.969882,0.458644
-0.195000,1.970341,0.453964
-0.194000,1.970794,0.449308
-0.193000,1.971244,0.444676
-0.192000,1.971688,0.440068
-0.191000,1.972129,0.435484
-0.190000,1.972564,0.430924
-0.189000,1.972995,0.426388
-0.188000,1.973421,0.421876
-0.187000,1.973843,0.417388
-0.186000,1.974261,0.412924
-0.185000,1.974673,0.408484
-0.184000,1.975082,0.404068
-0.183000,1.975486,0.399676
-0.182000,1.975886,0.395308
-0.181000,1.976281,0.390964
-0.180000,1.976672,0.386644
-0.179000,1.977059,0.382348
-0.178000,1.977441,0.378076
-0.177000,1.977819,0.373828
-0.176000,1.978193,0.369604
-0.175000,1.978563,0.365404
-0.174000,1.978928,0.361228
-0.173000,1.979289,0.357076
-0.172000,1.979646,0.352948
-0.171000,1.979999,0.348844
-0.170000,1.980348,0.344764
-0.169000,1.980693,0.340708
-0.168000,1.981033,0.336676
-0.167000,1.981370,0.332668
-0.166000,1.981703,0.328684
-0.165000,1.982031,0.324724
-0.164000,1.982356,0.320788
-0.163000,1.982677,0.316876
-0.162000,1.982994,0.312988
-0.161000,1.983307,0.309124
-0.160000,1.983616,0.305284
-0.159000,1.983921,0.301468
-0.158000,1.984223,0.297676
-0.157000,1.984520,0.293908
-0.156000,1.984814,0.290164
-0.155000,1.985105,0.286444
-0.154000,1.985391,0.282748
-0.153000,1.985674,0.279076
-0.152000,1.985953,0.275428
-0.151000,1.986228,0.271804
-0.150000,1.986500,0.268204
-0.149000,1.986768,0.264628
-0.148000,1.987033,0.261076
-0.147000,1.987294,0.257548
-0.146000,1.987551,0.254044
-0.145000,1.987805,0.250564
-0.144000,1.988056,0.247108
-0.143000,1.988303,0.243676
-0.142000,1.988547,0.240268
-0.141000,1.988787,0.236884
-0.140000,1.989024,0.233524
-0.139000,1.989258,0.230188
-0.138000,1.989488,0.226876
-0.137000,1.989715,0.223588
-0.136000,1.989938,0.220324
-0.135000,1.990158,0.217084
-0.134000,1.990376,0.213868
-0.133000,1.990589,0.210676
-0.132000,1.990800,0.207508
-0.131000,1.991008,0.204364
-0.130000,1.991212,0.201244
-0.129000,1.991413,0.198148
-0.128000,1.991611,0.195076
-0.127000,1.991806,0.192028
-0.126000,1.991998,0.189004
-0.125000,1.992188,0.186004
-0.124000,1.992374,0.183028
-0.123000,1.992557,0.180076
-0.122000,1.992737,0.177148
-0.121000,1.992914,0.174244
-0.120000,1.993088,0.171364
-0.119000,1.993259,0.168508
-0.118000,1.993428,0.165676
-0.117000,1.993594,0.162868
-0.116000,1.993756,0.160084
-0.115000,1.993917,0.157324
-0.114000,1.994074,0.154588
-0.113000,1.994228,0.151876
-0.112000,1.994380,0.149188
-0.111000,1.994529,0.146524
-0.110000,1.994676,0.143884
-0.109000,1.994820,0.141268
-0.108000,1.994961,0.138676
-0.107000,1.995100,0.136108
-0.106000,1.995236,0.133564
-0.105000,1.995370,0.131044
-0.104000,1.995501,0.128548
-0.103000,1.995629,0.126076
-0.102000,1.995755,0.123628
-0.101000,1.995879,0.121204
-0.100000,1.996000,0.118804
-0.099000,1.996119,0.116428
-0.098000,1.996235,0.114076
-0.097000,1.996349,0.111748
-0.096000,1.996461,0.109444
-0.095000,1.996571,0.107164
-0.094000,1.996678,0.104908
-0.093000,1.996783,0.102676
-0.092000,1.996885,0.100468
-0.091000,1.996986,0.098284
-0.090000,1.997084,0.096124
-0.089000,1.997180,0.093988
-0.088000,1.997274,0.091876
-0.087000,1.997366,0.089788
-0.086000,1.997456,0.087724
-0.085000,1.997543,0.085684
-0.084000,1.997629,0.083668
-0.083000,1.997713,0.081676
-0.082000,1.997795,0.079708
-0.081000,1.997874,0.077764
-0.080000,1.997952,0.075844
-0.079000,1.998028,0.073948
-0.078000,1.998102,0.072076
-0.077000,1.998174,0.070228
-0.076000,1.998244,0.068404
-0.075000,1.998312,0.066604
-0.074000,1.998379,0.064828
-0.073000,1.998444,0.063076
-0.072000,1.998507,0.061348
-0.071000,1.998568,0.059644
-0.070000,1.998628,0.057964
-0.069000,1.998686,0.056308
-0.068000,1.998742,0.054676
-0.067000,1.998797,0.053068
-0.066000,1.998850,0.051484
-0.065000,1.998902,0.049924
-0.064000,1.998951,0.048388
-0.063000,1.999000,0.046876
-0.062000,1.999047,0.045388
-0.061000,1.999092,0.043924
-0.060000,1.999136,0.042484
-0.059000,1.999178,0.041068
-0.058000,1.999220,0.039676
-0.057000,1.999259,0.038308
-0.056000,1.999298,0.036964
-0.055000,1.999335,0.035644
-0.054000,1.999370,0.034348
-0.053000,1.999404,0.033076
-0.052000,1.999438,0.031828
-0.051000,1.999469,0.030604
-0.050000,1.999500,0.029404
-0.049000,1.999529,0.028228
-0.048000,1.999558,0.027076
-0.047000,1.999585,0.025948
-0.046000,1.999611,0.024844
-0.045000,1.999635,0.023764
-0.044000,1.999659,0.022708
-0.043000,1.999682,0.021676
-0.042000,1.999704,0.020668
-0.041000,1.999724,0.019684
-0.040000,1.999744,0.018724
-0.039000,1.999763,0.017788
-0.038000,1.999781,0.016876
-0.037000,1.999797,0.015988
-0.036000,1.999813,0.015124
-0.035000,1.999829,0.014284
-0.034000,1.999843,0.013468
-0.033000,1.999856,0.012676
-0.032000,1.999869,0.011908
-0.031000,1.999881,0.011164
-0.030000,1.999892,0.010444
-0.029000,1.999902,0.009748
-0.028000,1.999912,0.009076
-0.027000,1.999921,0.008428
-0.026000,1.999930,0.007804
-0.025000,1.999937,0.007204
-0.024000,1.999945,0.006628
-0.023000,1.999951,0.006076
-0.022000,1.999957,0.005548
-0.021000,1.999963,0.005044
-0.020000,1.999968,0.004564
-0.019000,1.999973,0.004108
-0.018000,1.999977,0.003676
-0.017000,1.999980,0.003268
-0.016000,1.999984,0.002884
-0.015000,1.999986,0.002524
-0.014000,1.999989,0.002188
-0.013000,1.999991,0.001876
-0.012000,1.999993,0.001588
-0.011000,1.999995,0.001324
-0.010000,1.999996,0.001084
-0.009000,1.999997,0.000868
-0.008000,1.999998,0.000676
-0.007000,1.999999,0.000508
-0.006000,1.999999,0.000364
-0.005000,1.999999,0.000244
-0.004000,2.000000,0.000148
-0.003000,2.000000,0.000076
-0.002000,2.000000,0.000028
-0.001000,2.000000,0.000004
0.000000,2.000000,0.000004
0.001000,2.000000,0.000028
0.002000,2.000000,0.000076
0.003000,2.000000,0.000148
0.004000,2.000000,0.000244
0.005000,2.000001,0.000364
0.006000,2.000001,0.000508
0.007000,2.000001,0.000676
0.008000,2.000002,0.000868
0.009000,2.000003,0.001084
0.010000,2.000004,0.001324
0.011000,2.000005,0.001588
0.012000,2.000007,0.001876
0.013000,2.000009,0.002188
0.014000,2.000011,0.002524
0.015000,2.000014,0.002884
0.016000,2.000016,0.003268
0.017000,2.000020,0.003676
0.018000,2.000023,0.004108
0.019000,2.000027,0.004564
0.020000,2.000032,0.005044
0.021000,2.000037,0.005548
0.022000,2.000043,0.006076
0.023000,2.000049,0.006628
0.024000,2.000055,0.007204
0.025000,2.000062,0.007804
0.026000,2.000070,0.008428
0.027000,2.000079,0.009076
0.028000,2.000088,0.009748
0.029000,2.000098,0.010444
0.030000,2.000108,0.011164
0.031000,2.000119,0.011908
0.032000,2.000131,0.012676
0.033000,2.000144,0.013468
0.034000,2.000157,0.014284
0.035000,2.000171,0.015124
0.036000,2.000187,0.015988
0.037000,2.000203,0.016876
0.038000,2.000219,0.017788
0.039000,2.000237,0.018724
0.040000,2.000256,0.019684
0.041000,2.000276,0.020668
0.042000,2.000296,0.021676
0.043000,2.000318,0.022708
0.044000,2.000341,0.023764
0.045000,2.000364,0.024844
0.046000,2.000389,0.025948
0.047000,2.000415,0.027076
0.048000,2.000442,0.028228
0.049000,2.000471,0.029404
0.050000,2.000500,0.030604
0.051000,2.000531,0.031828
0.052000,2.000562,0.033076
0.053000,2.000596,0.034348
0.054000,2.000630,0.035644
0.055000,2.000666,0.036964
0.056000,2.000702,0.038308
0.057000,2.000741,0.039676
0.058000,2.000780,0.041068
0.059000,2.000822,0.042484
0.060000,2.000864,0.043924
0.061000,2.000908,0.045388
0.062000,2.000953,0.046876
0.063000,2.001000,0.048388
0.064000,2.001049,0.049924
0.065000,2.001098,0.051484
0.066000,2.001150,0.053068
0.067000,2.001203,0.054676
0.068000,2.001258,0.056308
0.069000,2.001314,0.057964
0.070000,2.001372,0.059644
0.071000,2.001432,0.061348
0.072000,2.001493,0.063076
0.073000,2.001556,0.064828
0.074000,2.001621,0.066604
0.075000,2.001688,0.068404
0.076000,2.001756,0.070228
0.077000,2.001826,0.072076
0.078000,2.001898,0.073948
0.079000,2.001972,0.075844
0.080000,2.002048,0.077764
0.081000,2.002126,0.079708
0.082000,2.002205,0.081676
0.083000,2.002287,0.083668
0.084000,2.002371,0.085684
0.085000,2.002457,0.087724
0.086000,2.002544,0.089788
0.087000,2.002634,0.091876
0.088000,2.002726,0.093988
0.089000,2.002820,0.096124
0.090000,2.002916,0.098284
0.091000,2.003014,0.100468
0.092000,2.003115,0.102676
0.093000,2.003217,0.104908
0.094000,2.003322,0.107164
0.095000,2.003430,0.109444
0.096000,2.003539,0.111748
0.097000,2.003651,0.114076
0.098000,2.003765,0.116428
0.099000,2.003881,0.118804
0.100000,2.004000,0.121204
0.101000,2.004121,0.123628
0.102000,2.004245,0.126076
0.103000,2.004371,0.128548
0.104000,2.004499,0.131044
0.105000,2.004631,0.133564
0.106000,2.004764,0.136108
0.107000,2.004900,0.138676
0.108000,2.005039,0.141268
0.109000,2.005180,0.143884
0.110000,2.005324,0.146524
0.111000,2.005471,0.149188
0.112000,2.005620,0.151876
0.113000,2.005772,0.154588
0.114000,2.005926,0.157324
0.115000,2.006083,0.160084
0.116000,2.006244,0.162868
0.117000,2.006406,0.165676
0.118000,2.006572,0.168508
0.119000,2.006741,0.171364
0.120000,2.006912,0.174244
0.121000,2.007086,0.177148
0.122000,2.007263,0.180076
0.123000,2.007443,0.183028
0.124000,2.007626,0.186004
0.125000,2.007812,0.189004
0.126000,2.008002,0.192028
0.127000,2.008194,0.195076
0.128000,2.008389,0.198148
0.129000,2.008587,0.201244
0.130000,2.008788,0.204364
0.131000,2.008992,0.207508
0.132000,2.009200,0.210676
0.133000,2.009411,0.213868
0.134000,2.009624,0.217084
0.135000,2.009841,0.220324
0.136000,2.010062,0.223588
0.137000,2.010285,0.226876
0.138000,2.010512,0.230188
0.139000,2.010742,0.233524
0.140000,2.010976,0.236884
0.141000,2.011213,0.240268
0.142000,2.011453,0.243676
0.143000,2.011697,0.247108
0.144000,2.011944,0.250564
0.145000,2.012195,0.254044
0.146000,2.012449,0.257548
0.147000,2.012706,0.261076
0.148000,2.012967,0.264628
0.149000,2.013232,0.268204
0.150000,2.013500,0.271804
0.151000,2.013772,0.275428
0.152000,2.014047,0.279076
0.153000,2.014326,0.282748
0.154000,2.014609,0.286444
0.155000,2.014896,0.290164
0.156000,2.015186,0.293908
0.157000,2.015480,0.297676
0.158000,2.015777,0.301468
0.159000,2.016079,0.305284
0.160000,2.016384,0.309124
0.161000,2.016693,0.312988
0.162000,2.017006,0.316876
0.163000,2.017323,0.320788
0.164000,2.017644,0.324724
0.165000,2.017968,0.328684
0.166000,2.018297,0.332668
0.167000,2.018630,0.336676
0.168000,2.018967,0.340708
0.169000,2.019307,0.344764
0.170000,2.019652,0.348844
0.171000,2.020001,0.352948
0.172000,2.020354,0.357076
0.173000,2.020711,0.361228
0.174000,2.021072,0.365404
0.175000,2.021438,0.369604
0.176000,2.021807,0.373828
0.177000,2.022181,0.378076
0.178000,2.022559,0.382348
0.179000,2.022941,0.386644
0.180000,2.023328,0.390964
0.181000,2.023719,0.395308
0.182000,2.024114,0.399676
0.183000,2.024514,0.404068
0.184000,2.024918,0.408484
0.185000,2.025326,0.412924
0.186000,2.025739,0.417388
0.187000,2.026157,0.421876
0.188000,2.026579,0.426388
0.189000,2.027005,0.430924
0.190000,2.027436,0.435484
0.191000,2.027871,0.440068
0.192000,2.028312,0.444676
0.193000,2.028756,0.449308
0.194000,2.029206,0.453964
0.195000,2.029660,0.458644
0.196000,2.030118,0.463348
0.197000,2.030581,0.468076
0.198000,2.031050,0.472828
0.199000,2.031522,0.477604
0.200000,2.032000,0.482404
0.201000,2.032482,0.487228
0.202000,2.032970,0.492076
0.203000,2.033462,0.496948
0.204000,2.033959,0.501844
0.205000,2.034460,0.506764
0.206000,2.034967,0.511708
0.207000,2.035479,0.516676
0.208000,2.035996,0.521668
0.209000,2.036517,0.526684
0.210000,2.037044,0.531724
0.211000,2.037576,0.536788
0.212000,2.038113,0.541876
0.213000,2.038654,0.546988
0.214000,2.039201,0.552124
0.215000,2.039753,0.557284
0.216000,2.040311,0.562468
0.217000,2.040873,0.567676
0.218000,2.041441,0.572908
0.219000,2.042014,0.578164
0.220000,2.042592,0.583444
0.221000,2.043175,0.588748
0.222000,2.043764,0.594076
0.223000,2.044358,0.599428
0.224000,2.044958,0.604804
0.225000,2.045562,0.610204
0.226000,2.046173,0.615628
0.227000,2.046788,0.621076
0.228000,2.047409,0.626548
0.229000,2.048036,0.632044
0.230000,2.048668,0.637564
0.231000,2.049306,0.643108
0.232000,2.049949,0.648676
0.233000,2.050597,0.654268
0.234000,2.051252,0.659884
0.235000,2.051912,0.665524
0.236000,2.052577,0.671188
0.237000,2.053248,0.676876
0.238000,2.053925,0.682588
0.239000,2.054608,0.688324
0.240000,2.055296,0.694084
0.241000,2.055990,0.699868
0.242000,2.056690,0.705676
0.243000,2.057396,0.711508
0.244000,2.058107,0.717364
0.245000,2.058825,0.723244
0.246000,2.059548,0.729148
0.247000,2.060277,0.735076
0.248000,2.061012,0.741028
0.249000,2.061753,0.747004
0.250000,2.062500,0.753004
0.251000,2.063253,0.759028
0.252000,2.064012,0.765076
0.253000,2.064777,0.771148
0.254000,2.065548,0.777244
0.255000,2.066326,0.783364
0.256000,2.067109,0.789508
0.257000,2.067898,0.795676
0.258000,2.068694,0.801868
0.259000,2.069496,0.808084
0.260000,2.070304,0.814324
0.261000,2.071118,0.820588
0.262000,2.071939,0.826876
0.263000,2.072766,0.833188
0.264000,2.073599,0.839524
0.265000,2.074438,0.845884
0.266000,2.075284,0.852268
0.267000,2.076137,0.858676
0.268000,2.076995,0.865108
0.269000,2.077860,0.871564
0.270000,2.078732,0.878044
0.271000,2.079610,0.884548
0.272000,2.080495,0.891076
0.273000,2.081386,0.897628
0.274000,2.082283,0.904204
0.275000,2.083188,0.910804
0.276000,2.084098,0.917428
0.277000,2.085016,0.924076
0.278000,2.085940,0.930748
0.279000,2.086871,0.937444
0.280000,2.087808,0.944164
0.281000,2.088752,0.950908
0.282000,2.089703,0.957676
0.283000,2.090661,0.964468
0.284000,2.091625,0.971284
0.285000,2.092596,0.978124
0.286000,2.093575,0.984988
0.287000,2.094560,0.991876
0.288000,2.095551,0.998788
0.289000,2.096550,1.005724
0.290000,2.097556,1.012684
0.291000,2.098569,1.019668
0.292000,2.099588,1.026676
0.293000,2.100615,1.033708
0.294000,2.101649,1.040764
0.295000,2.102689,1.047844
0.296000,2.103737,1.054948
0.297000,2.104792,1.062076
0.298000,2.105854,1.069228
0.299000,2.106924,1.076404
0.300000,2.108000,1.083604
0.301000,2.109084,1.090828
0.302000,2.110174,1.098076
0.303000,2.111273,1.105348
0.304000,2.112378,1.112644
0.305000,2.113491,1.119964
0.306000,2.114610,1.127308
0.307000,2.115738,1.134676
0.308000,2.116872,1.142068
0.309000,2.118015,1.149484
0.310000,2.119164,1.156924
0.311000,2.120321,1.164388
0.312000,2.121485,1.171876
0.313000,2.122657,1.179388
0.314000,2.123837,1.186924
0.315000,2.125024,1.194484
0.316000,2.126218,1.202068
0.317000,2.127420,1.209676
0.318000,2.128630,1.217308
0.319000,2.129847,1.224964
0.320000,2.131072,1.232644
0.321000,2.132305,1.240348
0.322000,2.133545,1.248076
0.323000,2.134793,1.255828
0.324000,2.136049,1.263604
0.325000,2.137313,1.271404
0.326000,2.138584,1.279228
0.327000,2.139863,1.287076
0.328000,2.141150,1.294948
0.329000,2.142445,1.302844
0.330000,2.143748,1.310764
0.331000,2.145059,1.318708
0.332000,2.146377,1.326676
0.333000,2.147704,1.334668
0.334000,2.149039,1.342684
0.335000,2.150381,1.350724
0.336000,2.151732,1.358788
0.337000,2.153091,1.366876
0.338000,2.154458,1.374988
0.339000,2.155833,1.383124
0.340000,2.157216,1.391284
0.341000,2.158607,1.399468
0.342000,2.160007,1.407676
0.343000,2.161414,1.415908
0.344000,2.162830,1.424164
0.345000,2.164255,1.432444
0.346000,2.165687,1.440748
0.347000,2.167128,1.449076
0.348000,2.168577,1.457428
0.349000,2.170034,1.465804
0.350000,2.171500,1.474204
0.351000,2.172974,1.482628
0.352000,2.174457,1.491076
0.353000,2.175948,1.499548
0.354000,2.177447,1.508044
0.355000,2.178955,1.516564
0.356000,2.180472,1.525108
0.357000,2.181997,1.533676
0.358000,2.183531,1.542268
0.359000,2.185073,1.550884
0.360000,2.186624,1.559524
0.361000,2.188184,1.568188
0.362000,2.189752,1.576876
0.363000,2.191329,1.585588
0.364000,2.192914,1.594324
0.365000,2.194508,1.603084
0.366000,2.196112,1.611868
0.367000,2.197723,1.620676
0.368000,2.199344,1.629508
0.369000,2.200974,1.638364
0.370000,2.202612,1.647244
0.371000,2.204259,1.656148
0.372000,2.205915,1.665076
0.373000,2.207580,1.674028
0.374000,2.209254,1.683004
0.375000,2.210938,1.692004
0.376000,2.212630,1.701028
0.377000,2.214331,1.710076
0.378000,2.216041,1.719148
0.379000,2.217760,1.728244
0.380000,2.219488,1.737364
0.381000,2.221225,1.746508
0.382000,2.222972,1.755676
0.383000,2.224728,1.764868
0.384000,2.226492,1.774084
0.385000,2.228267,1.783324
0.386000,2.230050,1.792588
0.387000,2.231842,1.801876
0.388000,2.233644,1.811188
0.389000,2.235455,1.820524
0.390000,2.237276,1.829884
0.391000,2.239106,1.839268
0.392000,2.240945,1.848676
0.393000,2.242794,1.858108
0.394000,2.244652,1.867564
0.395000,2.246520,1.877044
0.396000,2.248397,1.886548
0.397000,2.250283,1.896076
0.398000,2.252179,1.905628
0.399000,2.254085,1.915204
0.400000,2.256000,1.924804
0.401000,2.257925,1.934428
0.402000,2.259859,1.944076
0.403000,2.261803,1.953748
0.404000,2.263757,1.963444
0.405000,2.265721,1.973164
0.406000,2.267694,1.982908
0.407000,2.269677,1.992676
0.408000,2.271669,2.002468
0.409000,2.273672,2.012284
0.410000,2.275684,2.022124
0.411000,2.277706,2.031988
0.412000,2.279738,2.041876
0.413000,2.281780,2.051788
0.414000,2.283832,2.061724
0.415000,2.285894,2.071684
0.416000,2.287965,2.081668
0.417000,2.290047,2.091676
0.418000,2.292139,2.101708
0.419000,2.294240,2.111764
0.420000,2.296352,2.121844
0.421000,2.298474,2.131948
0.422000,2.300606,2.142076
0.423000,2.302748,2.152228
0.424000,2.304900,2.162404
0.425000,2.307062,2.172604
0.426000,2.309235,2.182828
0.427000,2.311418,2.193076
0.428000,2.313611,2.203348
0.429000,2.315814,2.213644
0.430000,2.318028,2.223964
0.431000,2.320252,2.234308
0.432000,2.322486,2.244676
0.433000,2.324731,2.255068
0.434000,2.326986,2.265484
0.435000,2.329251,2.275924
0.436000,2.331527,2.286388
0.437000,2.333814,2.296876
0.438000,2.336111,2.307388
0.439000,2.338418,2.317924
0.440000,2.340736,2.328484
0.441000,2.343064,2.339068
0.442000,2.345404,2.349676
0.443000,2.347753,2.360308
0.444000,2.350114,2.370964
0.445000,2.352485,2.381644
0.446000,2.354866,2.392348
0.447000,2.357258,2.403076
0.448000,2.359662,2.413828
0.449000,2.362075,2.424604
0.450000,2.364500,2.435404
0.451000,2.366935,2.446228
0.452000,2.369382,2.457076
0.453000,2.371839,2.467948
0.454000,2.374307,2.478844
0.455000,2.376785,2.489764
0.456000,2.379275,2.500708
0.457000,2.381776,2.511676
0.458000,2.384288,2.522668
0.459000,2.386810,2.533684
0.460000,2.389344,2.544724
0.461000,2.391889,2.555788
0.462000,2.394445,2.566876
0.463000,2.397011,2.577988
0.464000,2.399589,2.589124
0.465000,2.402179,2.600284
0.466000,2.404779,2.611468
0.467000,2.407390,2.622676
0.468000,2.410013,2.633908
0.469000,2.412647,2.645164
0.470000,2.415292,2.656444
0.471000,2.417948,2.667748
0.472000,2.420616,2.679076
0.473000,2.423295,2.690428
0.474000,2.425986,2.701804
0.475000,2.428688,2.713204
0.476000,2.431401,2.724628
0.477000,2.434125,2.736076
0.478000,2.436861,2.747548
0.479000,2.439609,2.759044
0.480000,2.442368,2.770564
0.481000,2.445139,2.782108
0.482000,2.447921,2.793676
0.483000,2.450714,2.805268
0.484000,2.453520,2.816884
0.485000,2.456336,2.828524
0.486000,2.459165,2.840188
0.487000,2.462005,2.851876
0.488000,2.464857,2.863588
0.489000,2.467721,2.875324
0.490000,2.470596,2.887084
0.491000,2.473483,2.898868
0.492000,2.476382,2.910676
0.493000,2.479293,2.922508
0.494000,2.482215,2.934364
0.495000,2.485149,2.946244
0.496000,2.488096,2.958148
0.497000,2.491054,2.970076
0.498000,2.494024,2.982028
0.499000,2.497006,2.994004
0.500000,2.500000,3.006004
0.501000,2.503006,3.018028
0.502000,2.506024,3.030076
0.503000,2.509054,3.042148
0.504000,2.512096,3.054244
0.505000,2.515150,3.066364
0.506000,2.518217,3.078508
0.507000,2.521295,3.090676
0.508000,2.524386,3.102868
0.509000,2.527489,3.115084
0.510000,2.530604,3.127324
0.511000,2.533731,3.139588
0.512000,2.536871,3.151876
0.513000,2.540023,3.164188
0.514000,2.543187,3.176524
0.515000,2.546364,3.188884
0.516000,2.549552,3.201268
0.517000,2.552754,3.213676
0.518000,2.555967,3.226108
0.519000,2.559193,3.238564
0.520000,2.562432,3.251044
0.521000,2.565683,3.263548
0.522000,2.568947,3.276076
0.523000,2.572223,3.288628
0.524000,2.575511,3.301204
0.525000,2.578813,3.313804
0.526000,2.582126,3.326428
0.527000,2.585453,3.339076
0.528000,2.588792,3.351748
0.529000,2.592144,3.364444
0.530000,2.595508,3.377164
0.531000,2.598885,3.389908
0.532000,2.602275,3.402676
0.533000,2.605678,3.415468
0.534000,2.609093,3.428284
0.535000,2.612522,3.441124
0.536000,2.615963,3.453988
0.537000,2.619417,3.466876
0.538000,2.622883,3.479788
0.539000,2.626363,3.492724
0.540000,2.629856,3.505684
0.541000,2.633362,3.518668
0.542000,2.636880,3.531676
0.543000,2.640412,3.544708
0.544000,2.643957,3.557764
0.545000,2.647515,3.570844
0.546000,2.651085,3.583948
0.547000,2.654669,3.597076
0.548000,2.658266,3.610228
0.549000,2.661877,3.623404
0.550000,2.665500,3.636604
0.551000,2.669137,3.649828
0.552000,2.672786,3.663076
0.553000,2.676450,3.676348
0.554000,2.680126,3.689644
0.555000,2.683816,3.702964
0.556000,2.687518,3.716308
0.557000,2.691235,3.729676
0.558000,2.694964,3.743068
0.559000,2.698708,3.756484
0.560000,2.702464,3.769924
0.561000,2.706234,3.783388
0.562000,2.710017,3.796876
0.563000,2.713814,3.810388
0.564000,2.717625,3.823924
0.565000,2.721449,3.837484
0.566000,2.725286,3.851068
0.567000,2.729137,3.864676
0.568000,2.733002,3.878308
0.569000,2.736880,3.891964
0.570000,2.740772,3.905644
0.571000,2.744678,3.919348
0.572000,2.748597,3.933076
0.573000,2.752530,3.946828
0.574000,2.756477,3.960604
0.575000,2.760438,3.974404
0.576000,2.764412,3.988228
0.577000,2.768400,4.002076
0.578000,2.772402,4.015948
0.579000,2.776418,4.029844
0.580000,2.780448,4.043764
0.581000,2.784492,4.057708
0.582000,2.788549,4.071676
0.583000,2.792621,4.085668
0.584000,2.796707,4.099684
0.585000,2.800806,4.113724
0.586000,2.804920,4.127788
0.587000,2.809048,4.141876
0.588000,2.813190,4.155988
0.589000,2.817346,4.170124
0.590000,2.821516,4.184284
0.591000,2.825700,4.198468
0.592000,2.829899,4.212676
0.593000,2.834111,4.226908
0.594000,2.838338,4.241164
0.595000,2.842579,4.255444
0.596000,2.846835,4.269748
0.597000,2.851105,4.284076
0.598000,2.855389,4.298428
0.599000,2.859687,4.312804
0.600000,2.864000,4.327204
0.601000,2.868327,4.341628
0.602000,2.872669,4.356076
0.603000,2.877025,4.370548
0.604000,2.881395,4.385044
0.605000,2.885781,4.399564
0.606000,2.890180,4.414108
0.607000,2.894594,4.428676
0.608000,2.899023,4.443268
0.609000,2.903466,4.457884
0.610000,2.907924,4.472524
0.611000,2.912397,4.487188
0.612000,2.916884,4.501876
0.613000,2.921386,4.516588
0.614000,2.925902,4.531324
0.615000,2.930433,4.546084
0.616000,2.934980,4.560868
0.617000,2.939540,4.575676
0.618000,2.944116,4.590508
0.619000,2.948707,4.605364
0.620000,2.953312,4.620244
0.621000,2.957932,4.635148
0.622000,2.962567,4.650076
0.623000,2.967217,4.665028
0.624000,2.971882,4.680004
0.625000,2.976562,4.695004
0.626000,2.981258,4.710028
0.627000,2.985968,4.725076
0.628000,2.990693,4.740148
0.629000,2.995433,4.755244
0.630000,3.000188,4.770364
0.631000,3.004958,4.785508
0.632000,3.009744,4.800676
0.633000,3.014545,4.815868
0.634000,3.019360,4.831084
0.635000,3.024192,4.846324
0.636000,3.029038,4.861588
0.637000,3.033899,4.876876
0.638000,3.038776,4.892188
0.639000,3.043668,4.907524
0.640000,3.048576,4.922884
0.641000,3.053499,4.938268
0.642000,3.058437,4.953676
0.643000,3.063391,4.969108
0.644000,3.068360,4.984564
0.645000,3.073345,5.000044
0.646000,3.078345,5.015548
0.647000,3.083360,5.031076
0.648000,3.088391,5.046628
0.649000,3.093438,5.062204
0.650000,3.098500,5.077804
0.651000,3.103578,5.093428
0.652000,3.108671,5.109076
0.653000,3.113780,5.124748
0.654000,3.118905,5.140444
0.655000,3.124046,5.156164
0.656000,3.129202,5.171908
0.657000,3.134374,5.187676
0.658000,3.139561,5.203468
0.659000,3.144765,5.219284
0.660000,3.149984,5.235124
0.661000,3.155219,5.250988
0.662000,3.160470,5.266876
0.663000,3.165737,5.282788
0.664000,3.171020,5.298724
0.665000,3.176319,5.314684
0.666000,3.181633,5.330668
0.667000,3.186964,5.346676
0.668000,3.192311,5.362708
0.669000,3.197673,5.378764
0.670000,3.203052,5.394844
0.671000,3.208447,5.410948
0.672000,3.213858,5.427076
0.673000,3.219285,5.443228
0.674000,3.224728,5.459404
0.675000,3.230188,5.475604
0.676000,3.235663,5.491828
0.677000,3.241155,5.508076
0.678000,3.246663,5.524348
0.679000,3.252187,5.540644
0.680000,3.257728,5.556964
0.681000,3.263285,5.573308
0.682000,3.268858,5.589676
0.683000,3.274448,5.606068
0.684000,3.280054,5.622484
0.685000,3.285677,5.638924
0.686000,3.291315,5.655388
0.687000,3.296971,5.671876
0.688000,3.302643,5.688388
0.689000,3.308331,5.704924
0.690000,3.314036,5.721484
0.691000,3.319757,5.738068
0.692000,3.325496,5.754676
0.693000,3.331250,5.771308
0.694000,3.337022,5.787964
0.695000,3.342810,5.804644
0.696000,3.348614,5.821348
0.697000,3.354435,5.838076
0.698000,3.360274,5.854828
0.699000,3.366128,5.871604
0.700000,3.372000,5.888404
0.701000,3.377888,5.905228
0.702000,3.383794,5.922076
0.703000,3.389716,5.938948
0.704000,3.395655,5.955844
0.705000,3.401610,5.972764
0.706000,3.407583,5.989708
0.707000,3.413573,6.006676
0.708000,3.419580,6.023668
0.709000,3.425603,6.040684
0.710000,3.431644,6.057724
0.711000,3.437702,6.074788
0.712000,3.443777,6.091876
0.713000,3.449868,6.108988
0.714000,3.455977,6.126124
0.715000,3.462103,6.143284
0.716000,3.468247,6.160468
0.717000,3.474407,6.177676
0.718000,3.480585,6.194908
0.719000,3.486780,6.212164
0.720000,3.492992,6.229444
0.721000,3.499221,6.246748
0.722000,3.505468,6.264076
0.723000,3.511732,6.281428
0.724000,3.518014,6.298804
0.725000,3.524312,6.316204
0.726000,3.530629,6.333628
0.727000,3.536962,6.351076
0.728000,3.543313,6.368548
0.729000,3.549682,6.386044
0.730000,3.556068,6.403564
0.731000,3.562472,6.421108
0.732000,3.568893,6.438676
0.733000,3.575331,6.456268
0.734000,3.581788,6.473884
0.735000,3.588261,6.491524
0.736000,3.594753,6.509188
0.737000,3.601262,6.526876
0.738000,3.607789,6.544588
0.739000,3.614334,6.562324
0.740000,3.620896,6.580084
0.741000,3.627476,6.597868
0.742000,3.634074,6.615676
0.743000,3.640690,6.633508
0.744000,3.647323,6.651364
0.745000,3.653974,6.669244
0.746000,3.660644,6.687148
0.747000,3.667331,6.705076
0.748000,3.674036,6.723028
0.749000,3.680759,6.741004
0.750000,3.687500,6.759004
0.751000,3.694259,6.777028
0.752000,3.701036,6.795076
0.753000,3.707831,6.813148
0.754000,3.714644,6.831244
0.755000,3.721475,6.849364
0.756000,3.728325,6.867508
0.757000,3.735192,6.885676
0.758000,3.742078,6.903868
0.759000,3.748982,6.922084
0.760000,3.755904,6.940324
0.761000,3.762844,6.958588
0.762000,3.769803,6.976876
0.763000,3.776780,6.995188
0.764000,3.783775,7.013524
0.765000,3.790789,7.031884
0.766000,3.797820,7.050268
0.767000,3.804871,7.068676
0.768000,3.811939,7.087108
0.769000,3.819026,7.105564
0.770000,3.826132,7.124044
0.771000,3.833256,7.142548
0.772000,3.840399,7.161076
0.773000,3.847560,7.179628
0.774000,3.854739,7.198204
0.775000,3.861938,7.216804
0.776000,3.869154,7.235428
0.777000,3.876390,7.254076
0.778000,3.883644,7.272748
0.779000,3.890917,7.291444
0.780000,3.898208,7.310164
0.781000,3.905518,7.328908
0.782000,3.912847,7.347676
0.783000,3.920195,7.366468
0.784000,3.927561,7.385284
0.785000,3.934947,7.404124
0.786000,3.942351,7.422988
0.787000,3.949774,7.441876
0.788000,3.957215,7.460788
0.789000,3.964676,7.479724
0.790000,3.972156,7.498684
0.791000,3.979655,7.517668
0.792000,3.987172,7.536676
0.793000,3.994709,7.555708
0.794000,4.002265,7.574764
0.795000,4.009840,7.593844
0.796000,4.017433,7.612948
0.797000,4.025046,7.632076
0.798000,4.032678,7.651228
0.799000,4.040330,7.670404
0.800000,4.048000,7.689604
0.801000,4.055690,7.708828
0.802000,4.063398,7.728076
0.803000,4.071127,7.747348
0.804000,4.078874,7.766644
0.805000,4.086641,7.785964
0.806000,4.094426,7.805308
0.807000,4.102232,7.824676
0.808000,4.110056,7.844068
0.809000,4.117901,7.863484
0.810000,4.125764,7.882924
0.811000,4.133647,7.902388
0.812000,4.141549,7.921876
0.813000,4.149471,7.941388
0.814000,4.157413,7.960924
0.815000,4.165374,7.980484
0.816000,4.173354,8.000068
0.817000,4.181354,8.019676
0.818000,4.189374,8.039308
0.819000,4.197413,8.058964
0.820000,4.205472,8.078644
0.821000,4.213551,8.098348
0.822000,4.221649,8.118076
0.823000,4.229767,8.137828
0.824000,4.237905,8.157604
0.825000,4.246063,8.177404
0.826000,4.254240,8.197228
0.827000,4.262437,8.217076
0.828000,4.270654,8.236948
0.829000,4.278891,8.256844
0.830000,4.287148,8.276764
0.831000,4.295425,8.296708
0.832000,4.303721,8.316676
0.833000,4.312038,8.336668
0.834000,4.320375,8.356684
0.835000,4.328731,8.376724
0.836000,4.337108,8.396788
0.837000,4.345505,8.416876
0.838000,4.353922,8.436988
0.839000,4.362359,8.457124
0.840000,4.370816,8.477284
0.841000,4.379293,8.497468
0.842000,4.387791,8.517676
0.843000,4.396308,8.537908
0.844000,4.404846,8.558164
0.845000,4.413405,8.578444
0.846000,4.421983,8.598748
0.847000,4.430582,8.619076
0.848000,4.439201,8.639428
0.849000,4.447840,8.659804
0.850000,4.456500,8.680204
0.851000,4.465180,8.700628
0.852000,4.473881,8.721076
0.853000,4.482602,8.741548
0.854000,4.491343,8.762044
0.855000,4.500106,8.782564
0.856000,4.508888,8.803108
0.857000,4.517691,8.823676
0.858000,4.526515,8.844268
0.859000,4.535359,8.864884
0.860000,4.544224,8.885524
0.861000,4.553110,8.906188
0.862000,4.562016,8.926876
0.863000,4.570943,8.947588
0.864000,4.579890,8.968324
0.865000,4.588858,8.989084
0.866000,4.597848,9.009868
0.867000,4.606857,9.030676
0.868000,4.615888,9.051508
0.869000,4.624940,9.072364
0.870000,4.634012,9.093244
0.871000,4.643105,9.114148
0.872000,4.652219,9.135076
0.873000,4.661354,9.156028
0.874000,4.670510,9.177004
0.875000,4.679688,9.198004
0.876000,4.688886,9.219028
0.877000,4.698105,9.240076
0.878000,4.707345,9.261148
0.879000,4.716606,9.282244
0.880000,4.725888,9.303364
0.881000,4.735191,9.324508
0.882000,4.744516,9.345676
0.883000,4.753862,9.366868
0.884000,4.763228,9.388084
0.885000,4.772616,9.409324
0.886000,4.782026,9.430588
0.887000,4.791456,9.451876
0.888000,4.800908,9.473188
0.889000,4.810381,9.494524
0.890000,4.819876,9.515884
0.891000,4.829392,9.537268
0.892000,4.838929,9.558676
0.893000,4.848488,9.580108
0.894000,4.858068,9.601564
0.895000,4.867669,9.623044
0.896000,4.877293,9.644548
0.897000,4.886937,9.666076
0.898000,4.896603,9.687628
0.899000,4.906291,9.709204
0.900000,4.916000,9.730804
0.901000,4.925731,9.752428
0.902000,4.935483,9.774076
0.903000,4.945257,9.795748
0.904000,4.955053,9.817444
0.905000,4.964870,9.839164
0.906000,4.974710,9.860908
0.907000,4.984571,9.882676
0.908000,4.994453,9.904468
0.909000,5.004358,9.926284
0.910000,5.014284,9.948124
0.911000,5.024232,9.969988
0.912000,5.034202,9.991876
0.913000,5.044194,10.013788
0.914000,5.054208,10.035724
0.915000,5.064243,10.057684
0.916000,5.074301,10.079668
0.917000,5.084381,10.101676
0.918000,5.094483,10.123708
0.919000,5.104606,10.145764
0.920000,5.114752,10.167844
0.921000,5.124920,10.189948
0.922000,5.135110,10.212076
0.923000,5.145322,10.234228
0.924000,5.155556,10.256404
0.925000,5.165813,10.278604
0.926000,5.176091,10.300828
0.927000,5.186392,10.323076
0.928000,5.196715,10.345348
0.929000,5.207060,10.367644
0.930000,5.217428,10.389964
0.931000,5.227818,10.412308
0.932000,5.238230,10.434676
0.933000,5.248665,10.457068
0.934000,5.259122,10.479484
0.935000,5.269602,10.501924
0.936000,5.280103,10.524388
0.937000,5.290628,10.546876
0.938000,5.301175,10.569388
0.939000,5.311744,10.591924
0.940000,5.322336,10.614484
0.941000,5.332950,10.637068
0.942000,5.343588,10.659676
0.943000,5.354247,10.682308
0.944000,5.364930,10.704964
0.945000,5.375635,10.727644
0.946000,5.386362,10.750348
0.947000,5.397112,10.773076
0.948000,5.407886,10.795828
0.949000,5.418681,10.818604
0.950000,5.429500,10.841404
0.951000,5.440341,10.864228
0.952000,5.451206,10.887076
0.953000,5.462093,10.909948
0.954000,5.473003,10.932844
0.955000,5.483936,10.955764
0.956000,5.494891,10.978708
0.957000,5.505870,11.001676
0.958000,5.516872,11.024668
0.959000,5.527896,11.047684
0.960000,5.538944,11.070724
0.961000,5.550015,11.093788
0.962000,5.561109,11.116876
0.963000,5.572225,11.139988
0.964000,5.583365,11.163124
0.965000,5.594528,11.186284
0.966000,5.605715,11.209468
0.967000,5.616924,11.232676
0.968000,5.628157,11.255908
0.969000,5.639413,11.279164
0.970000,5.650692,11.302444
0.971000,5.661994,11.325748
0.972000,5.673320,11.349076
0.973000,5.684669,11.372428
0.974000,5.696042,11.395804
0.975000,5.707437,11.419204
0.976000,5.718857,11.442628
0.977000,5.730299,11.466076
0.978000,5.741765,11.489548
0.979000,5.753255,11.513044
0.980000,5.764768,11.536564
0.981000,5.776305,11.560108
0.982000,5.787865,11.583676
0.983000,5.799448,11.607268
0.984000,5.811056,11.630884
0.985000,5.822686,11.654524
0.986000,5.834341,11.678188
0.987000,5.846019,11.701876
0.988000,5.857721,11.725588
0.989000,5.869447,11.749324
0.990000,5.881196,11.773084
0.991000,5.892969,11.796868
0.992000,5.904766,11.820676
0.993000,5.916587,11.844508
0.994000,5.928431,11.868364
0.995000,5.940300,11.892244
0.996000,5.952192,11.916148
0.997000,5.964108,11.940076
0.998000,5.976048,11.964028
0.999000,5.988012,11.988004
